ident_cely_komponenty;ident_cely_akce;pian;obdobi;areal;x;y
M-202500078A-K002;M-202500078A;P-3421-100497;doba laténská;sídliště;48.94463;16.721842
M-202304661A-K002;M-202304661A;P-3421-100499;doba laténská;sídliště;48.943817;16.721817
M-202501118A-K009;M-202501118A;P-2434-102378;doba laténská;neurčený areál;49.119305;16.643122
M-202301992A-K004;M-202301992A;P-3421-100290;doba laténská;sídliště;48.871788;16.971195
M-202301992A-K005;M-202301992A;P-3421-100290;časná doba laténská (LtA);sídliště;48.871788;16.971195
M-202301991A-K005;M-202301991A;P-3421-100289;doba laténská;sídliště;48.870323;16.972645
M-202301991A-K006;M-202301991A;P-3421-100289;doba laténská;izolovaný pohřeb;48.870323;16.972645
M-202301991A-K007;M-202301991A;P-3421-100289;časná doba laténská (LtA);sídliště;48.870323;16.972645
M-202105860A-K002;M-202105860A;P-1443-100449;doba laténská;sídliště;49.764267;16.910055
M-202304571A-K003;M-202304571A;P-2441-101315;doba laténská;izolovaný pohřeb;49.211685;16.823679
M-202300965A-K008;M-202300965A;P-2442-100727;doba laténská;sídliště;49.2966;17.012346
M-9001854A-K004;M-9001854A;P-2434-101345;doba laténská;neurčený areál;49.125977;16.656971
M-9002221A-K001;M-9002221A;P-2422-101161;doba laténská;ojedinělý nález;49.56326;17.07591
M-9002223A-K002;M-9002223A;P-2422-101164;doba laténská;ojedinělý nález;49.560226;17.107851
M-9002217A-K001;M-9002217A;P-2422-101159;doba laténská;ojedinělý nález;49.60911;17.1981
M-9106728A-K001;M-9106728A;P-2434-900021;doba laténská;pohřební areál;49.08893;16.59909
M-9106674A-K001;M-9106674A;P-2434-900015;doba laténská;pohřební areál;49.12631;16.65476
M-9002378A-K001;M-9002378A;P-2422-101299;mladší–pozdní doba laténská (LtC2–D);ojedinělý nález;49.61502;17.301027
M-9123938A-K001;M-9123938A;P-2434-101378;doba laténská;pohřební areál;49.075768;16.545826
M-9115388A-K001;M-9115388A;P-2434-900028;doba laténská;pohřební areál;49.15925;16.648506
M-9106690A-K001;M-9106690A;P-3423-100416;doba laténská;pohřební areál;48.72811;16.97318
M-9107185A-K002;M-9107185A;P-2541-100060;doba laténská;neurčený areál;49.231377;18.08217
M-9120462A-K001;M-9120462A;P-2434-101382;doba laténská;pohřební areál;49.082157;16.54801
M-9106951A-K001;M-9106951A;P-2414-900107;doba laténská;neurčený areál;49.496014;16.661602
M-9116103A-K002;M-9116103A;P-2434-101404;doba laténská;neurčený areál;49.096375;16.625723
M-9118313A-K005;M-9118313A;P-2421-100505;doba laténská;sídliště;49.608593;16.678381
M-9126268A-K001;M-9126268A;P-2434-900058;doba laténská;neurčený areál;49.082024;16.551136
M-9106675A-K001;M-9106675A;P-2434-101414;doba laténská;pohřební areál;49.166866;16.653263
M-9101880A-K001;M-9101880A;P-2433-100317;doba laténská;výšinné sídliště;49.13943;16.104664
M-9122362A-K001;M-9122362A;P-2434-101421;doba laténská;pohřební areál;49.148743;16.653332
M-9116819A-K001;M-9116819A;P-2434-101357;doba laténská;sídliště;49.12814;16.6605
M-9121272A-K001;M-9121272A;P-2421-100481;doba laténská;neurčený areál;49.541977;16.760088
M-202401209A-K002;M-202401209A;P-1532-101402;časná doba laténská (LtA);sídliště;49.964043;17.860027
M-202401209A-K014;M-202401209A;P-1532-101407;doba laténská;sídliště;49.955467;17.90763
M-9100594A-K003;M-9100594A;P-3423-100253;doba laténská;město;48.82686;16.848433
M-9100594A-K009;M-9100594A;P-3423-100420;doba laténská;město;48.82661;16.847912
M-9100594A-K015;M-9100594A;P-3423-100255;doba laténská;město;48.824894;16.845932
M-9100594A-K021;M-9100594A;P-3423-100256;doba laténská;město;48.82455;16.84673
M-9110710A-K001;M-9110710A;P-2442-100649;doba laténská;pohřební areál;49.215027;17.032145
M-9120304A-K001;M-9120304A;P-2441-900052;doba laténská;neurčený areál;49.281635;16.864151
M-202100230A-K003;M-202100230A;P-2513-100618;doba laténská;sídliště;49.45215;17.407986
M-202200372E-K020;M-202200372E;P-2513-100563;doba laténská;sídliště;49.464237;17.42275
M-202200452A-K004;M-202200452A;P-3421-100453;mladší–pozdní doba laténská (LtC2–D);sídliště;48.924114;16.964249
M-202200372C-K014;M-202200372C;P-2513-100561;doba laténská;neurčený areál;49.462063;17.421309
M-202200372D-K016;M-202200372D;P-2513-100562;doba laténská;sídliště;49.4661;17.4268
M-202200372D-K017;M-202200372D;P-2513-100562;střední doba laténská (LtB–C1);sídliště;49.4661;17.4268
M-202200372D-K018;M-202200372D;P-2513-100562;pozdní doba laténská (LtD);sídliště;49.4661;17.4268
M-202200372B-K012;M-202200372B;P-2513-100560;doba laténská;sídliště;49.466652;17.424368
M-9002331A-K001;M-9002331A;P-2424-101129;střední doba laténská (LtB–C1);ojedinělý nález;49.45134;17.112568
M-202203215A-K010;M-202203215A;P-2434-102269;doba laténská;sídliště;49.08339;16.600061
M-9002290A-K002;M-9002290A;P-2443-100890;doba laténská;ojedinělý nález;49.19146;16.677963
M-202303475A-K002;M-202303475A;P-2531-101661;doba laténská;sídliště;49.309574;17.565376
M-202105919A-K003;M-202105919A;P-2531-101659;doba laténská;neurčený areál;49.34878;17.61543
M-202301852A-K002;M-202301852A;P-2531-101624;doba laténská;neurčený areál;49.277912;17.39246
M-9002175A-K003;M-9002175A;P-2424-100947;doba laténská;ojedinělý nález;49.410965;17.126154
M-9002175A-K004;M-9002175A;P-2424-100948;doba laténská;neurčený areál;49.41409;17.132711
M-9002201A-K006;M-9002201A;P-2531-101651;doba laténská;sídliště;49.204163;17.567694
M-202300201A-K003;M-202300201A;P-2422-101204;doba laténská;sídliště;49.55201;17.24906
M-202100223A-K002;M-202100223A;P-2442-100629;doba laténská;sídliště;49.33918;17.25001
M-202100368A-K004;M-202100368A;P-2422-101216;doba laténská;sídliště;49.668964;17.122103
M-9002139A-K001;M-9002139A;P-2532-100559;doba laténská;ojedinělý nález;49.224625;17.7308
M-202100221A-K006;M-202100221A;P-2442-100627;doba laténská;sídliště;49.339;17.249836
M-9002113A-K009;M-9002113A;P-2422-101020;doba laténská;sídliště;49.5509;17.166687
M-9002113A-K014;M-9002113A;P-2422-101023;doba laténská;sídliště;49.559128;17.232489
M-9002113A-K018;M-9002113A;P-2422-101024;střední doba laténská (LtB–C1);sídliště;49.552517;17.250027
M-9002113A-K020;M-9002113A;P-2422-101025;střední doba laténská (LtB–C1);sídliště;49.547466;17.314112
M-9122461A-K001;M-9122461A;P-2434-101332;doba laténská;pohřební areál;49.10236;16.604042
M-9123558A-K001;M-9123558A;P-2434-101379;doba laténská;sídliště;49.075222;16.545992
M-9123409A-K001;M-9123409A;P-2514-100407;doba laténská;hradiště;49.42744;17.830252
M-9122458A-K001;M-9122458A;P-2414-100518;doba laténská;železářský areál;49.442715;16.579855
M-9122458A-K002;M-9122458A;P-2414-100517;doba laténská;sídliště;49.435295;16.585613
M-9122409A-K002;M-9122409A;P-2414-100527;doba laténská;neurčený areál;49.428707;16.576094
M-9118061A-K005;M-9118061A;P-2414-100538;doba laténská;sídliště;49.47083;16.599974
M-9118310A-K001;M-9118310A;P-2421-100510;doba laténská;sídliště;49.612545;16.678286
M-9118001A-K002;M-9118001A;P-2434-101413;doba laténská;neurčený areál;49.117573;16.644024
M-9112490A-K002;M-9112490A;P-2421-100502;doba laténská;neurčený areál;49.57146;16.680204
M-9112577A-K003;M-9112577A;P-2421-100484;doba laténská;neurčený areál;49.554497;16.71596
M-9108190A-K001;M-9108190A;P-2434-101377;doba laténská;pohřební areál;49.07894;16.543018
M-9002065A-K001;M-9002065A;P-2443-100781;doba laténská;sídliště;49.15916;16.916206
M-9002065A-K003;M-9002065A;P-2443-100781;doba laténská;pohřební areál;49.15916;16.916206
M-9106824A-K001;M-9106824A;P-2434-101423;doba laténská;sídliště;49.153008;16.649855
M-9108119A-K002;M-9108119A;P-2414-100607;doba laténská;sídliště;49.486755;16.602549
M-9002049A-K002;M-9002049A;P-2514-100298;doba laténská;sídliště;49.37673;17.700258
M-202200618A-K002;M-202200618A;P-2514-100269;pozdní doba laténská (LtD);výšinné sídliště;49.37583;17.698929
M-202003480A-K001;M-202003480A;P-2434-102047;střední doba laténská (LtB–C1);pohřebiště/hřbitov;49.16038;16.61705
M-9001966A-K001;M-9001966A;P-2432-100875;doba laténská;pohřební areál;49.216934;16.647198
M-201800365A-K002;M-201800365A;P-2531-101388;doba laténská;sídliště;49.343193;17.531502
M-9001962A-K006;M-9001962A;P-2441-100810;mladší–pozdní doba laténská (LtC2–D);sídliště;49.21716;16.713566
M-9001963A-K006;M-9001963A;P-2441-100811;mladší–pozdní doba laténská (LtC2–D);sídliště;49.21679;16.714407
M-9001961A-K007;M-9001961A;P-2441-100809;mladší–pozdní doba laténská (LtC2–D);sídliště;49.217007;16.714052
M-202204819A-K002;M-202204819A;P-2434-101176;pozdní doba laténská (LtD);sídliště;49.189278;16.616446
M-202204823A-K002;M-202204823A;P-2434-101175;pozdní doba laténská (LtD);sídliště;49.189106;16.617239
M-9001902A-K004;M-9001902A;P-2422-100646;doba laténská;sídliště;49.596508;17.250448
M-202204549A-K014;M-202204549A;P-3423-100359;doba laténská;sídliště;48.72859;16.93061
M-202204549A-K001;M-202204549A;P-3423-100360;doba laténská;sídliště;48.740353;16.944748
M-9001868A-K003;M-9001868A;P-2422-100612;doba laténská;sídliště;49.594425;17.216988
M-9001867A-K002;M-9001867A;P-2422-100589;doba laténská;sídliště;49.594414;17.218653
M-9001866A-K003;M-9001866A;P-2422-100588;doba laténská;sídliště;49.593422;17.21762
M-9001865A-K001;M-9001865A;P-2422-100587;doba laténská;sídliště;49.593853;17.223772
M-9001853A-K002;M-9001853A;P-2443-100048;doba laténská;sídliště;49.127014;16.664593
M-202200265A-K001;M-202200265A;P-2443-100694;doba laténská;sídliště;49.19066;16.76337
M-9001838A-K002;M-9001838A;P-2422-100563;doba laténská;sídliště;49.663784;17.113451
M-9001824A-K001;M-9001824A;P-2434-100994;doba laténská;pohřební areál;49.126957;16.661146
M-9001820A-K004;M-9001820A;P-2434-100966;doba laténská;sídliště;49.171062;16.613111
M-9001820A-K006;M-9001820A;P-2434-100966;doba laténská;pohřební areál;49.171062;16.613111
M-9001810A-K001;M-9001810A;P-2434-100949;časná doba laténská (LtA);pohřební areál;49.16544;16.58207
M-9001810A-K002;M-9001810A;P-2434-100949;časná doba laténská (LtA);sídliště;49.16544;16.58207
M-202200098A-K002;M-202200098A;P-2432-100812;střední doba laténská (LtB–C1);pohřebiště/hřbitov;49.30697;16.546236
M-9001723A-K001;M-9001723A;P-2422-100604;doba laténská;sídliště;49.57248;17.185726
M-9001733A-K003;M-9001733A;P-2422-100494;doba laténská;sídliště;49.647358;17.31649
M-9001701A-K005;M-9001701A;P-2424-100730;doba laténská;sídliště;49.533714;17.195549
M-9001696A-K003;M-9001696A;P-1444-100137;doba laténská;sídliště;49.76206;17.139502
M-9001695A-K004;M-9001695A;P-1444-100136;doba laténská;sídliště;49.75202;17.143728
M-9001693A-K002;M-9001693A;P-1444-100166;doba laténská;sídliště;49.776264;17.086462
M-9001689A-K004;M-9001689A;P-1444-100163;doba laténská;sídliště;49.771297;17.102993
M-9001684A-K003;M-9001684A;P-1444-100174;doba laténská;sídliště;49.766457;17.094788
M-9001681A-K002;M-9001681A;P-1444-100162;doba laténská;neurčený areál;49.78188;17.090443
M-9001674A-K004;M-9001674A;P-1444-100161;doba laténská;sídliště;49.74831;17.180714
M-9001661A-K003;M-9001661A;P-1444-100149;doba laténská;sídliště;49.79578;17.136063
M-9001664A-K005;M-9001664A;P-1444-100142;doba laténská;sídliště;49.768204;17.13973
M-9001659A-K005;M-9001659A;P-1444-100152;doba laténská;sídliště;49.789127;17.135418
M-9001660A-K003;M-9001660A;P-1444-100150;doba laténská;sídliště;49.78242;17.138601
M-9001648A-K003;M-9001648A;P-1444-100126;doba laténská;sídliště;49.78683;17.059418
M-9001629A-K002;M-9001629A;P-1444-100118;doba laténská;železářský areál;49.773026;17.027721
M-9001628A-K002;M-9001628A;P-1444-100290;doba laténská;sídliště;49.802685;17.136427
M-9001591A-K003;M-9001591A;P-2531-101242;doba laténská;sídliště;49.325382;17.47747
M-9001591A-K006;M-9001591A;P-2531-101243;doba laténská;sídliště;49.326088;17.482826
M-9001627A-K003;M-9001627A;P-1444-100117;doba laténská;sídliště;49.800407;17.135029
M-201903585A-K002;M-201903585A;P-2424-100708;mladší–pozdní doba laténská (LtC2–D);sídliště;49.518536;17.112919
M-201903585A-K003;M-201903585A;P-2424-100709;mladší–pozdní doba laténská (LtC2–D);sídliště;49.51912;17.112507
M-201904042A-K002;M-201904042A;P-2424-100681;pozdní doba laténská (LtD);ojedinělý nález;49.468258;17.143534
M-9002039A-K001;M-9002039A;P-2533-101322;doba laténská;sídliště;49.133247;17.597713
M-9002039A-K008;M-9002039A;P-2533-101323;doba laténská;sídliště;49.136375;17.601542
M-9002039A-K013;M-9002039A;P-2533-101325;doba laténská;sídliště;49.140095;17.605007
M-202003094A-K006;M-202003094A;P-2424-100672;doba laténská;ojedinělý nález;49.466877;17.151983
M-9001404A-K002;M-9001404A;P-3511-100312;doba laténská;sídliště;49.020004;17.35492
M-9001537A-K002;M-9001537A;P-2533-101091;doba laténská;sídliště;49.02629;17.660175
M-202202398A-K001;M-202202398A;P-2443-100672;střední doba laténská (LtB–C1);sídliště;49.17629;16.80932
M-201800440A-K003;M-201800440A;P-2441-100669;doba laténská;sídliště;49.269855;16.99395
M-9001399A-K002;M-9001399A;P-3511-100308;doba laténská;sídliště;49.01755;17.353544
M-9001402A-K001;M-9001402A;P-3511-100311;doba laténská;sídliště;49.020218;17.358429
M-9001354A-K003;M-9001354A;P-3422-100057;doba laténská;sídliště;48.972218;17.229618
M-9001392A-K005;M-9001392A;P-3511-100303;doba laténská;sídliště;48.996952;17.401995
M-9001379A-K004;M-9001379A;P-3511-100301;doba laténská;sídliště;49.023537;17.62394
M-9001328A-K001;M-9001328A;P-3422-100047;doba laténská;sídliště;48.971977;17.08654
M-9001335A-K003;M-9001335A;P-2444-100143;doba laténská;pohřebiště/hřbitov;49.05446;17.071423
M-9001295A-K001;M-9001295A;P-3424-100113;doba laténská;sídliště;48.839275;17.005743
M-9001295A-K002;M-9001295A;P-3424-100114;doba laténská;sídliště;48.83933;17.005648
M-202200438A-K001;M-202200438A;P-2442-100336;časná doba laténská (LtA);sídliště;49.353085;17.156399
M-202200438A-K002;M-202200438A;P-2442-100336;mladší–pozdní doba laténská (LtC2–D);sídliště;49.353085;17.156399
M-202200438A-K004;M-202200438A;P-2442-100336;doba laténská;železářský areál;49.353085;17.156399
M-201901582A-K004;M-201901582A;P-2424-100442;doba laténská;sídliště;49.518578;17.031452
M-201901582A-K005;M-201901582A;P-2424-100443;doba laténská–římská;sídliště;49.515236;17.04394
M-201901582A-K006;M-201901582A;P-2424-100444;časná doba laténská (LtA);sídliště;49.51441;17.047178
M-201800653A-K001;M-201800653A;P-2422-100372;pozdní doba laténská (LtD);sídliště;49.563038;17.111399
M-202200372A-K007;M-202200372A;P-2513-100559;doba laténská;neurčený areál;49.458214;17.419676
M-202003133A-K003;M-202003133A;P-2422-101236;doba laténská;železářský areál;49.62908;17.076887
M-202102070A-K005;M-202102070A;P-1532-101354;doba laténská;neurčený areál;49.99491;17.804472
M-9001260A-K002;M-9001260A;P-2443-100741;doba laténská;sídliště;49.04983;16.917387
M-9001176A-K003;M-9001176A;P-2531-101015;doba laténská;sídliště;49.321304;17.56732
M-9001140A-K004;M-9001140A;P-2422-100361;doba laténská;sídliště;49.593754;17.218328
M-9001140A-K005;M-9001140A;P-2422-100361;časná doba laténská (LtA);sídliště;49.593754;17.218328
M-9001230A-K002;M-9001230A;P-2514-100219;doba laténská;sídliště;49.378494;17.701145
M-9001136A-K006;M-9001136A;P-2422-100359;časná doba laténská (LtA);sídliště;49.594242;17.216455
M-9001136A-K007;M-9001136A;P-2422-100359;doba laténská;sídliště;49.594242;17.216455
M-9001134A-K005;M-9001134A;P-2422-100357;doba laténská;sídliště;49.59202;17.2222
M-9001134A-K006;M-9001134A;P-2422-100357;časná doba laténská (LtA);sídliště;49.59202;17.2222
M-9001131A-K003;M-9001131A;P-2422-100355;doba laténská;sídliště;49.593945;17.218588
M-9001135A-K004;M-9001135A;P-2422-100358;doba laténská;sídliště;49.59345;17.214668
M-202105930A-K001;M-202105930A;P-2533-100953;mladší–pozdní doba laténská (LtC2–D);sídliště;49.188877;17.53018
M-9001116A-K004;M-9001116A;P-2422-100350;doba laténská;sídliště;49.59447;17.217386
M-9001121A-K001;M-9001121A;P-2422-100351;doba laténská;sídliště;49.593636;17.215559
M-9001111A-K003;M-9001111A;P-2422-100348;doba laténská;pohřebiště/hřbitov;49.59127;17.215826
M-9001110A-K004;M-9001110A;P-2422-100346;doba laténská;sídliště;49.594383;17.217613
M-9001108A-K003;M-9001108A;P-2422-100344;časná doba laténská (LtA);sídliště;49.593445;17.219097
M-9001108A-K004;M-9001108A;P-2422-100344;doba laténská;sídliště;49.593445;17.219097
M-202001644A-K001;M-202001644A;P-2514-100218;pozdní doba laténská (LtD);hradiště;49.378536;17.70084
M-9001103A-K003;M-9001103A;P-2422-100343;časná doba laténská (LtA);sídliště;49.592594;17.217024
M-9001103A-K004;M-9001103A;P-2422-100343;doba laténská;sídliště;49.592594;17.217024
M-9001102A-K001;M-9001102A;P-2422-100342;doba laténská;sídliště;49.594227;17.217129
M-9001101A-K003;M-9001101A;P-2422-100341;doba laténská;sídliště;49.594597;17.218084
M-9001100A-K002;M-9001100A;P-2422-100340;doba laténská;sídliště;49.594093;17.216894
M-9001096A-K002;M-9001096A;P-2422-100336;doba laténská;sídliště;49.594048;17.217667
M-9001098A-K005;M-9001098A;P-2422-100338;doba laténská;sídliště;49.593876;17.217123
M-9001098A-K006;M-9001098A;P-2422-100338;časná doba laténská (LtA);sídliště;49.593876;17.217123
M-9001094A-K004;M-9001094A;P-2422-100334;časná doba laténská (LtA);sídliště;49.593727;17.217577
M-9001094A-K005;M-9001094A;P-2422-100334;doba laténská;sídliště;49.593727;17.217577
M-9001094A-K006;M-9001094A;P-2422-100334;pozdní doba laténská (LtD);sídliště;49.593727;17.217577
M-9001093A-K001;M-9001093A;P-2422-100333;časná doba laténská (LtA);sídliště;49.592857;17.21612
M-9001092A-K001;M-9001092A;P-2422-100332;doba laténská;sídliště;49.59364;17.219519
M-9001091A-K004;M-9001091A;P-2422-100331;časná doba laténská (LtA);sídliště;49.59361;17.218601
M-9001091A-K005;M-9001091A;P-2422-100331;doba laténská;sídliště;49.59361;17.218601
M-9001086A-K001;M-9001086A;P-2422-100326;časná doba laténská (LtA);sídliště;49.593834;17.219206
M-9001086A-K002;M-9001086A;P-2422-100326;doba laténská;sídliště;49.593834;17.219206
M-9001082A-K002;M-9001082A;P-2422-100322;časná doba laténská (LtA);sídliště;49.59112;17.218191
M-9001090A-K002;M-9001090A;P-2422-100330;doba laténská;sídliště;49.59338;17.219276
M-9001090A-K003;M-9001090A;P-2422-100330;pozdní doba laténská (LtD);sídliště;49.59338;17.219276
M-9001089A-K001;M-9001089A;P-2422-100329;doba laténská;sídliště;49.59329;17.219501
M-9001081A-K001;M-9001081A;P-2422-010053;doba laténská;sídliště;49.592514;17.214243
M-9001080A-K002;M-9001080A;P-2422-100319;časná doba laténská (LtA);sídliště;49.59414;17.21921
M-9001080A-K003;M-9001080A;P-2422-100319;doba laténská;sídliště;49.59414;17.21921
M-9001080A-K004;M-9001080A;P-2422-100319;pozdní doba laténská (LtD);sídliště;49.59414;17.21921
M-9001080A-K007;M-9001080A;P-2422-100320;časná doba laténská (LtA);sídliště;49.59283;17.21636
M-9001080A-K008;M-9001080A;P-2422-100320;doba laténská;sídliště;49.59283;17.21636
M-202001485A-K003;M-202001485A;P-1444-100085;doba laténská;sídliště;49.795067;17.136826
M-202000058A-K003;M-202000058A;P-2422-100409;doba laténská;sídliště;49.69122;17.050718
M-202005001A-K002;M-202005001A;P-2422-100313;doba laténská;sídliště;49.57162;17.24066
M-9001059A-K001;M-9001059A;P-2441-100617;doba laténská;sídliště;49.226555;16.918839
M-9001042A-K006;M-9001042A;P-2442-100310;doba laténská;výšinné sídliště;49.3259;17.008698
M-9001042A-K014;M-9001042A;P-2442-100311;doba laténská;výšinné sídliště;49.325787;17.008913
M-9001051A-K006;M-9001051A;P-2443-100553;doba laténská;sídliště;49.15074;16.892391
M-9001043A-K004;M-9001043A;P-2442-100312;doba laténská;výšinné sídliště;49.32592;17.008545
M-9001043A-K010;M-9001043A;P-2442-100313;doba laténská;výšinné sídliště;49.32592;17.008303
M-9001045A-K002;M-9001045A;P-2443-100473;časná doba laténská (LtA);sídliště;49.188896;16.853745
M-9001019A-K001;M-9001019A;P-2443-100464;doba laténská;sídliště;49.173103;16.932434
M-9000992A-K001;M-9000992A;P-2441-100549;doba laténská;sídliště;49.212788;16.903736
M-9000943A-K011;M-9000943A;P-3421-100299;doba laténská;sídliště;48.912914;16.97946
M-9000943A-K060;M-9000943A;P-3421-100309;doba laténská;sídliště;48.948227;16.932098
M-9001005A-K002;M-9001005A;P-2443-100457;doba laténská;sídliště;49.069508;16.852995
M-9000954A-K003;M-9000954A;P-2513-100185;doba laténská;sídliště;49.51638;17.562012
M-9000920A-K003;M-9000920A;P-2441-100613;doba laténská;sídliště;49.273518;16.96552
M-9000916A-K001;M-9000916A;P-3411-100169;střední doba laténská (LtB–C1);izolovaný pohřeb;48.88967;16.05085
M-9000919A-K004;M-9000919A;P-2441-100611;doba laténská;sídliště;49.283974;16.971567
M-9000908A-K001;M-9000908A;P-3322-100074;doba laténská;sídliště;48.99774;15.97318
M-201300106A-K003;M-201300106A;P-2433-100170;doba laténská;sídliště;49.12882;16.183407
M-9000872A-K009;M-9000872A;P-3412-100296;doba laténská;sídliště;49.009407;16.36446
M-9000777A-K002;M-9000777A;P-2434-100834;střední doba laténská (LtB–C1);sídliště;49.098877;16.382359
M-9000777A-K005;M-9000777A;P-2434-100835;mladší–pozdní doba laténská (LtC2–D);sídliště;49.10161;16.372864
M-9000803A-K003;M-9000803A;P-3411-100133;doba laténská;pohřebiště/hřbitov;48.854767;16.24522
M-9000815A-K003;M-9000815A;P-3413-100101;doba laténská;sídliště;48.845345;16.082285
M-9000764A-K001;M-9000764A;P-2424-100302;doba laténská;ojedinělý nález;49.487038;17.093788
M-9000769A-K001;M-9000769A;P-2423-100200;doba laténská;ojedinělý nález;49.491066;16.856894
M-9000763A-K004;M-9000763A;P-2424-100646;doba laténská;sídliště;49.466602;17.151947
M-9000762A-K002;M-9000762A;P-2424-100301;doba laténská;sídliště;49.435635;17.20984
M-9000726A-K001;M-9000726A;P-2422-100434;doba laténská;sídliště;49.54736;17.089283
M-9000726A-K003;M-9000726A;P-2422-100435;doba laténská;sídliště;49.54741;17.090433
M-9000725A-K001;M-9000725A;P-2422-100433;doba laténská;sídliště;49.54735;17.088999
M-9000709A-K006;M-9000709A;P-1443-100247;doba laténská;sídliště;49.75632;16.968536
M-9000709A-K014;M-9000709A;P-1443-100248;doba laténská;sídliště;49.756218;16.96989
M-9000709A-K022;M-9000709A;P-1443-100249;doba laténská;sídliště;49.75587;16.970072
M-9000695A-K001;M-9000695A;P-2423-100193;doba laténská;hrazené sídliště;49.498215;16.89562
M-9000697A-K001;M-9000697A;P-2423-100196;doba laténská;hrazené sídliště;49.49868;16.894796
M-9000685A-K001;M-9000685A;P-2423-100195;doba laténská;hrazené sídliště;49.49839;16.894266
M-9000684A-K001;M-9000684A;P-2423-100194;doba laténská;hrazené sídliště;49.499096;16.901829
M-9000675A-K001;M-9000675A;P-2423-100192;doba laténská;hrazené sídliště;49.498234;16.89563
M-9000671A-K001;M-9000671A;P-2423-100190;doba laténská;hrazené sídliště;49.498608;16.894438
M-9000667A-K001;M-9000667A;P-2423-100189;doba laténská;hrazené sídliště;49.498177;16.895947
M-9000664A-K001;M-9000664A;P-2423-100188;doba laténská;hrazené sídliště;49.49811;16.896038
M-9000642A-K005;M-9000642A;P-2442-100230;doba laténská;sídliště;49.344917;17.214478
M-9000641A-K001;M-9000641A;P-2423-100187;doba laténská;sídliště;49.498077;16.895798
M-9000636A-K002;M-9000636A;P-1443-100206;doba laténská;sídliště;49.76683;16.919163
M-9000640A-K001;M-9000640A;P-2423-100186;doba laténská;sídliště;49.498238;16.895613
M-9000632A-K001;M-9000632A;P-1443-100205;doba laténská;sídliště;49.768322;16.917414
M-9000630A-K003;M-9000630A;P-1443-100204;doba laténská;sídliště;49.769253;16.916899
M-9000629A-K003;M-9000629A;P-1443-100201;doba laténská;pohřebiště/hřbitov;49.766937;16.920118
M-9000629A-K006;M-9000629A;P-1443-100202;doba laténská;pohřebiště/hřbitov;49.766937;16.92115
M-9000629A-K009;M-9000629A;P-1443-100203;doba laténská;pohřebiště/hřbitov;49.766926;16.922134
M-9000620A-K001;M-9000620A;P-2424-100733;doba laténská;izolovaný pohřeb;49.462097;17.061756
M-9002179A-K007;M-9002179A;P-1443-100356;doba laténská;neurčený areál;49.775482;16.953936
M-9000616A-K003;M-9000616A;P-2424-100639;doba laténská;sídliště;49.467857;17.07291
M-9001415A-K004;M-9001415A;P-2531-101194;doba laténská;sídliště;49.203453;17.571606
M-9000611A-K007;M-9000611A;P-2424-100634;doba laténská;sídliště;49.518543;17.031372
M-9000602A-K001;M-9000602A;P-2532-100364;doba laténská;sídliště;49.245495;17.85206
M-9000602A-K003;M-9000602A;P-2532-100365;doba laténská;sídliště;49.24557;17.85203
M-9000602A-K005;M-9000602A;P-2532-100366;doba laténská;sídliště;49.245495;17.851912
M-202103966A-K002;M-202103966A;P-3412-100275;doba laténská;sídliště;48.92162;16.655666
M-9000576A-K002;M-9000576A;P-2443-100619;střední doba laténská (LtB–C1);sídliště;49.092976;16.728216
M-9000575A-K002;M-9000575A;P-2443-100618;doba laténská;sídliště;49.093002;16.727564
M-9000575A-K003;M-9000575A;P-2443-100618;doba laténská;izolovaný pohřeb;49.093002;16.727564
M-9000568A-K001;M-9000568A;P-3421-100246;doba laténská;pohřebiště/hřbitov;48.87223;16.688274
M-9000564A-K007;M-9000564A;P-3421-100243;doba laténská;sídliště;48.863945;16.708134
M-9000562A-K003;M-9000562A;P-3421-100245;doba laténská;sídliště;48.87022;16.71419
M-9000548A-K001;M-9000548A;P-3412-100278;doba laténská;sídliště;48.877243;16.526321
M-9000546A-K004;M-9000546A;P-3423-100251;doba laténská;sídliště;48.846012;16.738836
M-9000546A-K006;M-9000546A;P-3423-100251;doba laténská;pohřebiště/hřbitov;48.846012;16.738836
M-9000528A-K001;M-9000528A;P-2443-100409;doba laténská;sídliště;49.040928;16.86144
M-9000505A-K005;M-9000505A;P-3421-100254;doba laténská;sídliště;48.88239;16.70257
M-9000515A-K005;M-9000515A;P-2443-100605;doba laténská;sídliště;49.100643;16.70236
M-9000502A-K001;M-9000502A;P-3421-100253;doba laténská;sídliště;48.907238;16.676636
M-9000476A-K002;M-9000476A;P-2443-100399;doba laténská;sídliště;49.17941;16.752148
M-9000481A-K003;M-9000481A;P-3421-100249;doba laténská;sídliště;48.859894;16.726995
M-9000444A-K008;M-9000444A;P-2434-100744;doba laténská;sídliště;49.097103;16.629824
M-9000434A-K006;M-9000434A;P-2434-100738;doba laténská;sídliště;49.0623;16.482195
M-9000430A-K001;M-9000430A;P-2443-100392;doba laténská;pohřebiště/hřbitov;49.150284;16.740337
M-9000416A-K003;M-9000416A;P-3423-100192;doba laténská;izolovaný pohřeb;48.79706;16.672596
M-9000429A-K007;M-9000429A;P-3412-100355;doba laténská;sídliště;48.966248;16.541592
M-9000403A-K004;M-9000403A;P-3421-100224;doba laténská;sídliště;48.85784;16.715416
M-9000402A-K005;M-9000402A;P-3421-100223;doba laténská;sídliště;48.854893;16.713154
M-9000400A-K004;M-9000400A;P-3421-100220;doba laténská;sídliště;48.862316;16.706827
M-9000399A-K005;M-9000399A;P-3421-100220;doba laténská;sídliště;48.862316;16.706827
M-9000399A-K009;M-9000399A;P-3421-100221;doba laténská;sídliště;48.855656;16.714205
M-9000399A-K013;M-9000399A;P-3421-100222;doba laténská;sídliště;48.866295;16.705751
M-9000387A-K003;M-9000387A;P-3423-100177;doba laténská;sídliště;48.731224;16.976606
M-9000386A-K004;M-9000386A;P-3423-100167;doba laténská;ojedinělý nález;48.725796;16.94827
M-202002991A-K002;M-202002991A;P-2531-100964;doba laténská;sídliště;49.275124;17.5968
M-9000381A-K001;M-9000381A;P-3423-100173;doba laténská;ojedinělý nález;48.732635;16.919432
M-9000379A-K002;M-9000379A;P-2521-100197;pozdní doba laténská (LtD);sídliště;49.58352;18.11557
M-9000379A-K004;M-9000379A;P-2521-100198;pozdní doba laténská (LtD);sídliště;49.583572;18.115564
M-9000379A-K011;M-9000379A;P-2521-100200;pozdní doba laténská (LtD);sídliště;49.583385;18.115105
M-9000379A-K013;M-9000379A;P-2521-100201;pozdní doba laténská (LtD);sídliště;49.58361;18.115812
M-9000379A-K019;M-9000379A;P-2521-100193;pozdní doba laténská (LtD);sídliště;49.584217;18.118217
M-9000379A-K022;M-9000379A;P-2521-100194;pozdní doba laténská (LtD);sídliště;49.585037;18.120312
M-9000377A-K004;M-9000377A;P-3423-100169;doba laténská;ojedinělý nález;48.732033;16.97693
M-9000376A-K006;M-9000376A;P-3423-100170;doba laténská;ojedinělý nález;48.735695;16.976967
M-9000365A-K005;M-9000365A;P-3412-100238;doba laténská;sídliště;48.912193;16.568407
M-9000358A-K002;M-9000358A;P-3412-100234;doba laténská;sídliště;48.882927;16.57428
M-9000357A-K001;M-9000357A;P-3412-100233;doba laténská;sídliště;48.883186;16.57388
M-9000339A-K004;M-9000339A;P-3412-100226;doba laténská;sídliště;48.883503;16.576353
M-9000353A-K003;M-9000353A;P-3412-100231;doba laténská;sídliště;48.88418;16.571634
M-9000349A-K001;M-9000349A;P-3412-100228;doba laténská;sídliště;48.90344;16.591259
M-9000331A-K004;M-9000331A;P-3412-100245;doba laténská;ojedinělý nález;48.88647;16.636204
M-9000309A-K002;M-9000309A;P-2521-100175;doba laténská;sídliště;49.58289;18.142168
M-9000285A-K001;M-9000285A;P-2434-100674;doba laténská;izolovaný pohřeb;49.107788;16.604368
M-9000281A-K004;M-9000281A;P-3423-100190;doba laténská;ojedinělý nález;48.79059;16.890398
M-9000280A-K004;M-9000280A;P-3423-100165;doba laténská;ojedinělý nález;48.79281;16.8732
M-9000279A-K002;M-9000279A;P-2432-100607;doba laténská;sídliště;49.33863;16.50892
M-9000270A-K006;M-9000270A;P-3421-100218;doba laténská;sídliště;48.997383;16.723724
M-9000259A-K002;M-9000259A;P-3414-100082;doba laténská;sídliště;48.85387;16.644182
M-9000239A-K004;M-9000239A;P-3421-100143;doba laténská;sídliště;48.949512;16.7276
M-9000239A-K006;M-9000239A;P-3421-100144;doba laténská;pohřebiště/hřbitov;48.951008;16.729076
M-9000258A-K002;M-9000258A;P-3414-100074;doba laténská;sídliště;48.8543;16.645563
M-9000222A-K004;M-9000222A;P-3423-100137;doba laténská;neurčený areál;48.791054;16.892765
M-9000218A-K005;M-9000218A;P-2432-100577;doba laténská;sídliště;49.318363;16.525589
M-9000206A-K005;M-9000206A;P-3412-100219;doba laténská;ojedinělý nález;48.88684;16.616337
M-9000205A-K002;M-9000205A;P-3412-100218;doba laténská;samostatná usedlost;48.886433;16.612988
M-201802805A-K002;M-201802805A;P-2442-100484;doba laténská;sídliště;49.296284;17.301867
M-201802805A-K003;M-201802805A;P-2442-100485;doba laténská;sídliště;49.29588;17.303339
M-201802805A-K004;M-201802805A;P-2442-100486;doba laténská;sídliště;49.295322;17.304016
M-9000186A-K004;M-9000186A;P-2434-100634;doba laténská;sídliště;49.053165;16.659735
M-9000185A-K001;M-9000185A;P-2443-100332;doba laténská;sídliště;49.064358;16.669342
M-9000172A-K004;M-9000172A;P-2443-100323;doba laténská;pohřebiště/hřbitov;49.184498;16.7208
M-9000176A-K002;M-9000176A;P-2443-100324;doba laténská;sídliště;49.065063;16.668854
M-9000171A-K002;M-9000171A;P-2443-100322;doba laténská;pohřebiště/hřbitov;49.18409;16.720798
M-9000162A-K003;M-9000162A;P-2414-100596;doba laténská;sídliště;49.43731;16.558893
M-9000162A-K004;M-9000162A;P-2414-100596;doba laténská;neurčený areál;49.43731;16.558893
M-9000160A-K002;M-9000160A;P-2432-100559;doba laténská;sídliště;49.337273;16.532917
M-202102201A-K001;M-202102201A;P-3412-100571;doba laténská;sídliště;49.01852;16.384174
M-9000140A-K002;M-9000140A;P-3412-100561;doba laténská;sídliště;48.88889;16.537834
M-9000127A-K001;M-9000127A;P-2414-100284;doba laténská;sídliště;49.370346;16.642889
C-9148975A-K001;C-9148975A;P-2314-010009;doba laténská;sídliště;49.41829;15.085965
C-9122203A-K001;C-9122203A;P-2321-010139;doba laténská;pohřební areál;49.5758;15.529309
C-9122278A-K001;C-9122278A;P-1343-010009;doba laténská;hradiště;49.83971;15.532751
C-9122050A-K001;C-9122050A;P-2321-900007;doba laténská;ojedinělý nález;49.610676;15.584001
C-9122200A-K001;C-9122200A;P-2321-010126;doba laténská;sídliště;49.580303;15.524548
M-202002146A-K003;M-202002146A;P-3412-100197;pozdní doba laténská (LtD);sídliště;48.960472;16.426123
M-9000120A-K001;M-9000120A;P-2531-101014;mladší–pozdní doba laténská (LtC2–D);sídliště;49.28406;17.535261
M-202100271A-K003;M-202100271A;P-2433-100101;doba laténská;sídliště;49.170277;16.199398
M-202002165A-K002;M-202002165A;P-2531-100858;doba laténská;nález v druhotné poloze;49.28865;17.487337
M-201900773A-K001;M-201900773A;P-2531-100810;mladší–pozdní doba laténská (LtC2–D);sídliště;49.28879;17.486454
M-202001568B-K001;M-202001568B;P-2442-100181;mladší–pozdní doba laténská (LtC2–D);sídliště specializované komunity;49.26776;17.23503
M-202002367A-K002;M-202002367A;P-2444-100066;doba laténská;neurčený areál;49.029854;17.021408
M-201903914A-K001;M-201903914A;P-2531-100558;doba laténská;sídliště;49.302864;17.444118
M-201904036A-K001;M-201904036A;P-2443-100210;střední doba laténská (LtB–C1);sídliště;49.165077;16.78426
M-202001176A-K004;M-202001176A;P-2432-100939;časná doba laténská (LtA);sídliště;49.307194;16.544558
M-202001176A-K005;M-202001176A;P-2432-100939;doba laténská;sídliště;49.307194;16.544558
M-202001176A-K006;M-202001176A;P-2432-100939;doba laténská;pohřební areál;49.307194;16.544558
M-202001565A-K006;M-202001565A;P-2422-100120;doba laténská;sídliště;49.571465;17.240294
M-201800922A-K004;M-201800922A;P-2443-100193;časná doba laténská (LtA);sídliště;49.04764;16.88077
M-201903672A-K001;M-201903672A;P-2432-100391;doba laténská;sídliště;49.206947;16.511679
M-202000239A-K003;M-202000239A;P-2434-100450;střední doba laténská (LtB–C1);pohřební areál;49.08075;16.60348
M-202000854A-K003;M-202000854A;P-2531-100487;doba laténská;sídliště;49.330856;17.50839
M-201904041A-K001;M-201904041A;P-2432-100722;doba laténská;sídliště;49.287148;16.561422
M-201802878A-K003;M-201802878A;P-2531-100352;doba laténská;neurčený areál;49.265503;17.575031
M-201901368A-K006;M-201901368A;P-2442-100096;doba laténská;neurčený areál;49.294144;17.23174
M-201903764A-K004;M-201903764A;P-3423-100383;doba laténská;sídliště;48.823383;16.844198
M-201903052A-K001;M-201903052A;P-2432-100274;doba laténská;sídliště;49.195934;16.60697
M-9000036A-K001;M-9000036A;P-2442-100075;střední doba laténská (LtB–C1);protourbánní aglomerace;49.357754;17.177797
M-201902878A-K001;M-201902878A;P-2434-100479;časná doba laténská (LtA);sídliště;49.164364;16.587078
M-201902584A-K003;M-201902584A;P-2513-100026;doba laténská;sídliště;49.473167;17.432207
M-201902261A-K002;M-201902261A;P-2531-100660;doba laténská;sídliště;49.203327;17.562702
M-201901975A-K010;M-201901975A;P-2531-100656;mladší–pozdní doba laténská (LtC2–D);sídliště;49.199646;17.552225
M-201803005A-K001;M-201803005A;P-3412-100284;mladší–pozdní doba laténská (LtC2–D);nález v druhotné poloze;48.981274;16.525024
M-201901477A-K021;M-201901477A;P-2531-100171;doba laténská;sídliště;49.32601;17.482008
M-201901298A-K002;M-201901298A;P-2434-100453;doba laténská;sídliště;49.11824;16.64458
M-201901444A-K001;M-201901444A;P-2422-100046;doba laténská;sídliště;49.56958;17.190275
M-201901386B-K004;M-201901386B;P-2513-100020;doba laténská;sídliště;49.48256;17.459503
M-201901310A-K002;M-201901310A;P-2422-100036;doba laténská;pohřební areál;49.569836;17.185429
M-201901156A-K003;M-201901156A;P-1444-100008;doba laténská;sídliště;49.739197;17.258657
M-201901064A-K002;M-201901064A;P-1443-100025;doba laténská;sídliště;49.767143;16.910496
M-201901022A-K006;M-201901022A;P-2422-100019;střední doba laténská (LtB–C1);sídliště;49.55227;17.248417
M-201901017A-K009;M-201901017A;P-2422-100017;doba laténská;sídliště;49.552784;17.248617
M-201900927A-K009;M-201900927A;P-2422-100014;doba laténská;sídliště;49.55272;17.249157
M-201900918A-K004;M-201900918A;P-2422-100013;doba laténská;sídliště;49.594154;17.218206
M-201900877A-K001;M-201900877A;P-1444-100002;doba laténská;sídliště;49.731377;17.17796
M-201900755A-K009;M-201900755A;P-2531-100140;doba laténská;sídliště;49.327423;17.453747
M-201900570A-K010;M-201900570A;P-1443-100020;doba laténská;sídliště;49.75588;16.969395
M-9000013A-K003;M-9000013A;P-1443-100118;doba laténská;sídliště;49.73214;16.976362
M-9105768A-K004;M-9105768A;P-2433-100164;doba laténská;sídliště;49.116955;16.166496
M-9105447A-K004;M-9105447A;P-2531-101001;doba laténská;sídliště;49.20928;17.594498
M-9105349A-K002;M-9105349A;P-2422-100913;doba laténská;sídliště;49.582108;17.25072
M-9104843A-K002;M-9104843A;P-2442-100519;doba laténská;sídliště;49.280796;17.31939
M-9104716A-K001;M-9104716A;P-2443-100772;doba laténská;sídliště;49.164368;16.783892
M-9104717A-K001;M-9104717A;P-2443-100795;pozdní doba laténská (LtD);sídliště;49.164345;16.784353
M-9104693A-K003;M-9104693A;P-2531-101497;střední doba laténská (LtB–C1);sídliště;49.33674;17.444677
M-9104677A-K003;M-9104677A;P-1443-100379;doba laténská;sídliště;49.731873;16.976816
M-9104652A-K007;M-9104652A;P-2434-101314;doba laténská;sídliště;49.041424;16.597689
M-9104540A-K004;M-9104540A;P-2434-101527;střední doba laténská (LtB–C1);pohřebiště/hřbitov;49.114445;16.60696
M-9104656A-K003;M-9104656A;P-2531-101199;střední doba laténská (LtB–C1);sídliště;49.32262;17.347914
M-9104656A-K004;M-9104656A;P-2531-101199;mladší–pozdní doba laténská (LtC2–D);sídliště;49.32262;17.347914
M-9104656A-K005;M-9104656A;P-2531-101199;pozdní doba laténská (LtD);sídliště;49.32262;17.347914
M-9104475A-K002;M-9104475A;P-2422-100737;doba laténská;sídliště;49.5965;17.248117
M-9104532A-K004;M-9104532A;P-1443-100375;doba laténská;sídliště;49.77967;16.950796
M-9104424A-K002;M-9104424A;P-2513-100254;doba laténská;sídliště;49.455357;17.450941
M-9104402A-K001;M-9104402A;P-2441-100852;doba laténská;sídliště;49.201088;16.885057
M-9104399A-K002;M-9104399A;P-2422-100542;doba laténská;sídliště;49.607643;17.204914
M-9104406A-K003;M-9104406A;P-2434-101286;doba laténská;neurčený areál;49.097633;16.628014
M-9104387A-K001;M-9104387A;P-2434-101678;doba laténská;sídliště;49.062206;16.554182
M-9104387A-K002;M-9104387A;P-2434-101679;doba laténská;sídliště;49.062286;16.553814
M-9104373A-K001;M-9104373A;P-2434-101590;doba laténská;sídliště;49.073086;16.54747
M-9104307A-K003;M-9104307A;P-1532-100743;doba laténská;sídliště;49.93555;17.976755
M-9104289A-K004;M-9104289A;P-2531-101452;doba laténská;sídliště;49.32616;17.554365
M-9104277A-K003;M-9104277A;P-2531-101496;doba laténská;neurčený areál;49.28897;17.487083
M-9104235A-K004;M-9104235A;P-2414-100029;doba laténská;sídliště;49.487564;16.659672
M-9104227A-K004;M-9104227A;P-3412-100357;doba laténská;sídliště;48.964832;16.42659
M-9104225A-K003;M-9104225A;P-2434-100951;doba laténská;neurčený areál;49.148407;16.651518
M-9104193A-K009;M-9104193A;P-2513-100233;časná doba laténská (LtA);sídliště;49.460526;17.421505
M-9104169A-K006;M-9104169A;P-2531-101198;časná doba laténská (LtA);sídliště;49.30702;17.586254
M-9104153A-K002;M-9104153A;P-3423-100385;doba laténská;sídliště;48.783237;16.844324
M-9104119A-K005;M-9104119A;P-2443-100829;doba laténská;sídliště;49.132816;16.730173
M-9104108A-K003;M-9104108A;P-2424-100930;doba laténská;sídliště;49.46613;17.080194
M-9104085A-K002;M-9104085A;P-2432-101313;časná doba laténská (LtA);sídliště;49.33085;16.517958
M-9103997A-K003;M-9103997A;P-2434-100811;časná doba laténská (LtA);areál těžby;49.03214;16.400482
M-9103990A-K002;M-9103990A;P-2434-100818;doba laténská;areál těžby;49.029476;16.401081
M-9103983A-K001;M-9103983A;P-2533-101458;doba laténská;ojedinělý nález;49.190807;17.53364
M-9103890A-K002;M-9103890A;P-2513-100427;doba laténská;sídliště;49.454845;17.449827
M-9103864A-K003;M-9103864A;P-2441-100570;doba laténská;sídliště;49.203342;16.885605
M-9103848A-K001;M-9103848A;P-2434-101312;doba laténská;sídliště;49.063435;16.554462
M-9103759A-K003;M-9103759A;P-2424-100932;střední doba laténská (LtB–C1);sídliště;49.42906;17.074615
M-9103687A-K002;M-9103687A;P-1443-100359;doba laténská;sídliště;49.82487;16.903776
M-9103670A-K006;M-9103670A;P-2444-100155;doba laténská;sídliště;49.14948;17.123861
M-9103670A-K007;M-9103670A;P-2444-100155;doba laténská;pohřebiště/hřbitov;49.14948;17.123861
M-9103643A-K001;M-9103643A;P-3422-100062;pozdní doba laténská (LtD);sídliště;48.91675;17.121101
M-9103608A-K003;M-9103608A;P-2434-100967;doba laténská;sídliště;49.161743;16.620792
M-9103575A-K004;M-9103575A;P-3414-100067;doba laténská;ojedinělý nález;48.82733;16.465286
M-9103495A-K003;M-9103495A;P-1443-100265;doba laténská;sídliště;49.783405;16.947636
M-9103554A-K006;M-9103554A;P-2424-100541;střední doba laténská (LtB–C1);pohřebiště/hřbitov;49.466816;17.150036
M-9103427A-K005;M-9103427A;P-3511-100334;doba laténská;sídliště;49.01664;17.351088
M-9103423A-K001;M-9103423A;P-2424-100958;střední doba laténská (LtB–C1);sídliště;49.468723;17.093943
M-9103336A-K002;M-9103336A;P-3423-100260;doba laténská;sídliště;48.74888;16.75114
M-9103315A-K002;M-9103315A;P-2441-100888;střední doba laténská (LtB–C1);sídliště;49.271194;16.994373
M-9103275A-K002;M-9103275A;P-2441-100048;doba laténská;sídliště;49.23184;16.87464
M-9103217A-K001;M-9103217A;P-2443-100579;střední doba laténská (LtB–C1);pohřebiště/hřbitov;49.12412;16.832952
M-9103215A-K014;M-9103215A;P-2531-101096;střední doba laténská (LtB–C1);pohřební areál;49.32736;17.45308
M-9103215A-K015;M-9103215A;P-2531-101096;střední doba laténská (LtB–C1);sídliště;49.32736;17.45308
M-9103168A-K007;M-9103168A;P-2424-100538;doba laténská;sídliště;49.468346;17.150309
M-9103167A-K004;M-9103167A;P-2424-100539;doba laténská;sídliště;49.466644;17.14891
M-9103013A-K005;M-9103013A;P-2422-100422;doba laténská;sídliště;49.53896;17.161179
M-9103166A-K002;M-9103166A;P-2432-100092;doba laténská;sídliště;49.226562;16.596584
M-9103009A-K004;M-9103009A;P-2422-100420;doba laténská;sídliště;49.53968;17.155901
M-9102978A-K004;M-9102978A;P-3511-100333;doba laténská;sídliště;49.01671;17.35166
M-9102967A-K002;M-9102967A;P-2424-100581;doba laténská;neurčený areál;49.46698;17.126234
M-9102948A-K001;M-9102948A;P-2443-100901;doba laténská;sídliště;49.169174;16.669672
M-9102930A-K004;M-9102930A;P-2443-100631;doba laténská;sídliště;49.164425;16.726673
M-9102923A-K012;M-9102923A;P-2434-102111;doba laténská;ojedinělý nález;49.185287;16.597061
M-9102923A-K014;M-9102923A;P-2434-102112;doba laténská;ojedinělý nález;49.185406;16.59651
M-9102923A-K022;M-9102923A;P-2434-102113;doba laténská;ojedinělý nález;49.185036;16.59677
M-9102882A-K003;M-9102882A;P-2441-100643;doba laténská;pohřebiště/hřbitov;49.268574;16.993597
M-9102796A-K006;M-9102796A;P-2424-100913;střední doba laténská (LtB–C1);sídliště;49.4667;17.15124
M-9102795A-K007;M-9102795A;P-2424-100540;doba laténská;sídliště;49.467873;17.14939
M-9102767A-K018;M-9102767A;P-2531-101169;střední doba laténská (LtB–C1);sídliště;49.20275;17.555002
M-9102767A-K019;M-9102767A;P-2531-101170;střední doba laténská (LtB–C1);sídliště;49.201942;17.55453
M-9102767A-K020;M-9102767A;P-2531-101172;střední doba laténská (LtB–C1);sídliště;49.20133;17.553234
M-9102717A-K002;M-9102717A;P-2444-100223;doba laténská;sídliště;49.18044;17.058844
M-9102717A-K004;M-9102717A;P-2444-100223;doba laténská;pohřební areál;49.18044;17.058844
M-9102714A-K003;M-9102714A;P-1443-100291;doba laténská;sídliště;49.767166;16.921549
M-9102652A-K001;M-9102652A;P-2423-100339;střední doba laténská (LtB–C1);ojedinělý nález;49.521133;16.962818
M-9102652A-K002;M-9102652A;P-2423-100339;mladší–pozdní doba laténská (LtC2–D);ojedinělý nález;49.521133;16.962818
M-9102584A-K006;M-9102584A;P-2433-100214;doba laténská;sídliště;49.02822;16.248346
M-9102576A-K003;M-9102576A;P-2442-100246;doba laténská;sídliště;49.32582;17.219217
M-9102582A-K002;M-9102582A;P-3411-100265;doba laténská;sídliště;48.978024;16.15954
M-9102554A-K001;M-9102554A;P-2443-100335;doba laténská;sídliště;49.16448;16.782322
M-9102544A-K002;M-9102544A;P-2444-100154;střední doba laténská (LtB–C1);sídliště;49.14972;17.122746
M-9102516A-K004;M-9102516A;P-2434-100988;doba laténská;sídliště;49.162407;16.620743
M-9102510A-K005;M-9102510A;P-2442-100370;doba laténská;pohřebiště/hřbitov;49.280426;17.071548
M-9102507A-K001;M-9102507A;P-2424-100505;doba laténská;sídliště;49.433647;17.207258
M-9102506A-K003;M-9102506A;P-3414-100127;doba laténská;ojedinělý nález;48.820442;16.42211
M-9102475A-K008;M-9102475A;P-2424-100535;doba laténská;sídliště;49.4678;17.151136
M-9102392A-K006;M-9102392A;P-2422-100503;časná doba laténská (LtA);sídliště;49.5583;17.246025
M-9102392A-K007;M-9102392A;P-2422-100503;střední doba laténská (LtB–C1);sídliště;49.5583;17.246025
M-9102414A-K008;M-9102414A;P-3411-100423;mladší–pozdní doba laténská (LtC2–D);sídliště;48.945873;16.312359
M-9102390A-K002;M-9102390A;P-2422-100599;doba laténská;sídliště;49.59379;17.218378
M-9102384A-K002;M-9102384A;P-2422-100835;doba laténská;neurčený areál;49.589043;17.255777
M-9102365A-K006;M-9102365A;P-3511-100332;doba laténská;sídliště;49.016132;17.352758
M-9102358A-K002;M-9102358A;P-3411-100247;doba laténská;sídliště;48.885685;16.045517
M-9102359A-K001;M-9102359A;P-2424-100596;doba laténská;neurčený areál;49.46659;17.125704
M-9102356A-K002;M-9102356A;P-2441-100639;doba laténská;sídliště;49.197697;16.878004
M-9102354A-K011;M-9102354A;P-2422-100541;doba laténská;sídliště;49.601177;17.205322
M-9102335A-K011;M-9102335A;P-3422-100084;doba laténská;sídliště;48.876293;17.245518
M-9102335A-K012;M-9102335A;P-3422-100085;doba laténská;sídliště;48.87531;17.24183
M-9102332A-K003;M-9102332A;P-2443-100630;časná doba laténská (LtA);sídliště;49.169403;16.72626
M-9102322A-K002;M-9102322A;P-2531-101035;doba laténská;sídliště;49.21534;17.571966
M-9102274A-K003;M-9102274A;P-2442-100394;časná doba laténská (LtA);sídliště;49.298527;17.010662
M-9102274A-K006;M-9102274A;P-2442-100394;střední doba laténská (LtB–C1);sídliště;49.298527;17.010662
M-9102274A-K007;M-9102274A;P-2442-100394;pozdní doba laténská (LtD);sídliště;49.298527;17.010662
M-9102230A-K002;M-9102230A;P-2424-100504;doba laténská;sídliště;49.37829;17.13309
M-9102233A-K004;M-9102233A;P-2434-100987;doba laténská;sídliště;49.161327;16.621748
M-9102218A-K002;M-9102218A;P-2432-100828;časná doba laténská (LtA);sídliště;49.262806;16.569324
M-9102218A-K003;M-9102218A;P-2432-100828;střední doba laténská (LtB–C1);sídliště;49.262806;16.569324
M-9102203A-K009;M-9102203A;P-2424-100537;doba laténská;sídliště;49.468266;17.146416
M-9102190A-K008;M-9102190A;P-2531-101168;střední doba laténská (LtB–C1);sídliště;49.201675;17.555637
M-9101956A-K009;M-9101956A;P-2422-100452;doba laténská;sídliště;49.605637;17.242271
M-9102170A-K003;M-9102170A;P-2442-100382;doba laténská;sídliště;49.287636;17.087938
M-9101964A-K002;M-9101964A;P-3413-100103;doba laténská;sídliště;48.769817;16.292225
M-9101935A-K002;M-9101935A;P-2434-100985;časná doba laténská (LtA);sídliště;49.16105;16.61899
M-9101916A-K003;M-9101916A;P-3413-100117;doba laténská;sídliště;48.760723;16.248043
M-9101808A-K003;M-9101808A;P-2422-100613;střední doba laténská (LtB–C1);sídliště;49.59388;17.218102
M-9101808A-K005;M-9101808A;P-2422-100613;časná doba laténská (LtA);sídliště;49.59388;17.218102
M-9101857A-K003;M-9101857A;P-2511-100043;pozdní doba laténská (LtD);sídliště;49.54423;17.567043
M-9101857A-K004;M-9101857A;P-2511-100043;střední doba laténská (LtB–C1);sídliště;49.54423;17.567043
M-9101857A-K005;M-9101857A;P-2511-100043;mladší–pozdní doba laténská (LtC2–D);sídliště;49.54423;17.567043
M-9101807A-K002;M-9101807A;P-2422-100614;střední doba laténská (LtB–C1);sídliště;49.594242;17.216993
M-9101807A-K003;M-9101807A;P-2422-100614;časná doba laténská (LtA);sídliště;49.594242;17.216993
M-9101804A-K002;M-9101804A;P-2422-100642;časná doba laténská (LtA);sídliště;49.5942;17.216993
M-9101804A-K003;M-9101804A;P-2422-100642;pozdní doba laténská (LtD);sídliště;49.5942;17.216993
M-9101738A-K002;M-9101738A;P-2533-101111;doba laténská;sídliště;49.037743;17.54667
M-9101716A-K001;M-9101716A;P-2513-100516;doba laténská;sídliště;49.471695;17.387016
M-9101716A-K003;M-9101716A;P-2513-100517;doba laténská;sídliště;49.472622;17.392532
M-9101736A-K001;M-9101736A;P-3321-100112;doba laténská;sídliště;48.953667;15.626273
M-9101728A-K002;M-9101728A;P-2422-100531;doba laténská;sídliště;49.5817;17.248667
M-9101712A-K002;M-9101712A;P-2422-101088;pozdní doba laténská (LtD);sídliště;49.563694;17.110525
M-9101706A-K014;M-9101706A;P-2422-100631;střední doba laténská (LtB–C1);sídliště;49.57504;17.228865
M-9101640A-K007;M-9101640A;P-2442-100398;doba laténská;sídliště;49.300827;17.011068
M-9101639A-K003;M-9101639A;P-2442-100399;doba laténská;sídliště;49.29787;17.011715
M-9101611A-K009;M-9101611A;P-2424-100483;doba laténská;pohřebiště/hřbitov;49.4722;17.171474
M-9101636A-K001;M-9101636A;P-2442-100392;doba laténská;sídliště;49.26928;17.01199
M-9101604A-K003;M-9101604A;P-3413-100100;doba laténská;sídliště;48.847004;16.085598
M-9101601A-K005;M-9101601A;P-2424-100501;doba laténská;sídliště;49.483723;17.129148
M-9101600A-K002;M-9101600A;P-3422-100072;doba laténská;neurčený areál;48.920933;17.08713
M-9101599A-K001;M-9101599A;P-2443-100045;doba laténská;sídliště;49.14089;16.703922
M-9101587A-K004;M-9101587A;P-2443-100578;doba laténská;sídliště;49.175957;16.80682
M-9101549A-K004;M-9101549A;P-2432-100850;doba laténská;sídliště;49.22675;16.597425
M-9101480A-K003;M-9101480A;P-2422-100616;střední doba laténská (LtB–C1);sídliště;49.593697;17.218515
M-9101480A-K008;M-9101480A;P-2422-100616;pozdní doba laténská (LtD);sídliště;49.593697;17.218515
M-9101390A-K006;M-9101390A;P-2422-100628;střední doba laténská (LtB–C1);pohřebiště/hřbitov;49.56889;17.214228
M-9101383A-K001;M-9101383A;P-2434-100873;doba laténská;sídliště;49.15476;16.52718
M-9101376A-K002;M-9101376A;P-2443-100641;doba laténská;sídliště;49.1558;16.737902
M-9101363A-K002;M-9101363A;P-2434-102155;doba laténská;sídliště;49.19027;16.61499
M-9101350A-K003;M-9101350A;P-2443-100600;doba laténská;sídliště;49.1873;16.851597
M-9101324A-K003;M-9101324A;P-2424-100495;doba laténská;sídliště;49.41584;17.075903
M-9101309A-K003;M-9101309A;P-2514-100233;pozdní doba laténská (LtD);sídliště;49.37573;17.69816
M-9101304A-K002;M-9101304A;P-2424-100509;doba laténská;sídliště;49.449215;17.255758
M-9101240A-K006;M-9101240A;P-2423-100247;pozdní doba laténská (LtD);sídliště;49.526474;16.956043
M-9101235A-K007;M-9101235A;P-2424-100601;doba laténská;sídliště;49.44142;17.06046
M-9101235A-K003;M-9101235A;P-2424-100602;střední doba laténská (LtB–C1);sídliště;49.442318;17.056746
M-9101217A-K002;M-9101217A;P-2434-100883;doba laténská;sídliště;49.176533;16.503838
M-9101198A-K001;M-9101198A;P-2442-100401;časná doba laténská (LtA);sídliště;49.29512;17.013927
M-9101166A-K003;M-9101166A;P-2434-100123;časná doba laténská (LtA);sídliště;49.177834;16.533846
M-9101145A-K001;M-9101145A;P-2443-100573;doba laténská;sídliště;49.177116;16.809849
M-9101140A-K006;M-9101140A;P-2434-100103;doba laténská;neurčený areál;49.15988;16.621956
M-9101119A-K002;M-9101119A;P-2424-100515;doba laténská;sídliště;49.51582;17.064583
M-9101106A-K004;M-9101106A;P-2531-101181;doba laténská;sídliště;49.20323;17.564175
M-9101102A-K002;M-9101102A;P-2443-100358;doba laténská;sídliště;49.068203;16.687931
M-9101090A-K005;M-9101090A;P-2434-100710;doba laténská;sídliště;49.126743;16.619076
M-9106823A-K001;M-9106823A;P-2434-900015;doba laténská;neurčený areál;49.12631;16.65476
M-9126370A-K001;M-9126370A;P-2541-100060;pozdní doba laténská (LtD);neurčený areál;49.231377;18.08217
M-9123459A-K001;M-9123459A;P-2434-101414;doba laténská;pohřební areál;49.166866;16.653263
M-9000156A-K002;M-9000156A;P-2414-100517;doba laténská;sídliště;49.435295;16.585613
M-9001849A-K002;M-9001849A;P-2443-100048;doba laténská;neurčený areál;49.127014;16.664593
M-9001403A-K003;M-9001403A;P-3511-100312;doba laténská;sídliště;49.020004;17.35492
M-9001229A-K005;M-9001229A;P-2514-100219;doba laténská;sídliště;49.378494;17.701145
M-9001327A-K001;M-9001327A;P-3422-100047;doba laténská;sídliště;48.971977;17.08654
M-9000990A-K001;M-9000990A;P-2441-100549;doba laténská;sídliště;49.212788;16.903736
M-9001003A-K001;M-9001003A;P-2443-100457;doba laténská;pohřebiště/hřbitov;49.069508;16.852995
M-9000696A-K001;M-9000696A;P-2423-100196;doba laténská;hrazené sídliště;49.49868;16.894796
M-9000691A-K001;M-9000691A;P-2423-100193;doba laténská;hrazené sídliště;49.498215;16.89562
M-9001414A-K006;M-9001414A;P-2531-101194;doba laténská;sídliště;49.203453;17.571606
M-9000558A-K006;M-9000558A;P-3421-100243;doba laténská;sídliště;48.863945;16.708134
M-9000500A-K004;M-9000500A;P-3421-100253;doba laténská;sídliště;48.907238;16.676636
M-9000415A-K003;M-9000415A;P-3423-100192;doba laténská;ojedinělý nález;48.79706;16.672596
M-9000366A-K005;M-9000366A;P-3423-100167;doba laténská;ojedinělý nález;48.725796;16.94827
M-9000352A-K004;M-9000352A;P-3412-100231;doba laténská;sídliště;48.88418;16.571634
M-9000373A-K003;M-9000373A;P-3423-100170;doba laténská;ojedinělý nález;48.735695;16.976967
M-9000268A-K007;M-9000268A;P-3421-100218;doba laténská;sídliště;48.997383;16.723724
C-9148973A-K001;C-9148973A;P-2314-010009;doba laténská;depot;49.41829;15.085965
M-9000180A-K001;M-9000180A;P-2434-100634;doba laténská;pohřebiště/hřbitov;49.053165;16.659735
C-9122201A-K001;C-9122201A;P-2321-010139;doba laténská;pohřební areál;49.5758;15.529309
C-9122274A-K001;C-9122274A;P-1343-010009;doba laténská;hradiště;49.83971;15.532751
C-9122049A-K001;C-9122049A;P-2321-900007;doba laténská;ojedinělý nález;49.610676;15.584001
M-9101885A-K005;M-9101885A;P-2424-100535;časná doba laténská (LtA);sídliště;49.4678;17.151136
M-9102977A-K004;M-9102977A;P-3511-100334;doba laténská;sídliště;49.01664;17.351088
M-9000154A-K004;M-9000154A;P-2414-100517;doba laténská;sídliště;49.435295;16.585613
M-9113299A-K001;M-9113299A;P-2434-101414;doba laténská;pohřební areál;49.166866;16.653263
M-9001326A-K001;M-9001326A;P-3422-100047;doba laténská;sídliště;48.971977;17.08654
M-9000693A-K001;M-9000693A;P-2423-100196;doba laténská;hrazené sídliště;49.49868;16.894796
M-9000683A-K001;M-9000683A;P-2423-100193;doba laténská;hrazené sídliště;49.498215;16.89562
C-9122273A-K001;C-9122273A;P-1343-010009;doba laténská;hradiště;49.83971;15.532751
M-9000497A-K004;M-9000497A;P-3421-100253;doba laténská;sídliště;48.907238;16.676636
M-9000688A-K001;M-9000688A;P-2423-100196;doba laténská;hrazené sídliště;49.49868;16.894796
M-9000682A-K001;M-9000682A;P-2423-100193;doba laténská;hrazené sídliště;49.498215;16.89562
M-9000681A-K001;M-9000681A;P-2423-100193;doba laténská;hrazené sídliště;49.498215;16.89562
M-9000680A-K001;M-9000680A;P-2423-100193;doba laténská;hrazené sídliště;49.498215;16.89562
M-9000678A-K001;M-9000678A;P-2423-100193;doba laténská;hrazené sídliště;49.498215;16.89562
