X,Y,id,label
-574043.460183204,-1129318.73815668,0,KOV001
-574125.023811557,-1129297.02672287,1,KOV002
-574114.591101694,-1129297.35416521,2,KOV003
-574129.259270482,-1129308.96856236,3,KOV004
-574135.537937722,-1129284.12917887,4,KOV005
-574115.98334064,-1129260.33565556,5,KOV006
-574081.765560934,-1129277.50979647,6,KOV007
-574029.103235693,-1129279.45554033,7,KOV008
-573995.127596201,-1129318.15720797,8,KOV009
-574163.622121098,-1129277.77212552,9,KOV010
-574064.613007732,-1129316.44940639,10,KOV011
-574136.217227693,-1129278.52112072,11,KOV012
-574042.898840233,-1129304.38332512,12,KOV013
-574067.677452193,-1129313.32653724,13,KOV014
-574086.964063924,-1129291.37495836,14,KOV015
-573999.170339708,-1129332.96224897,15,KOV016
-574014.240999142,-1129318.94614294,16,KOV017
-574038.671895442,-1129307.70357462,17,KOV018
-574022.191157051,-1129299.32342298,18,KOV019
-574122.046179605,-1129317.94782151,19,KOV020
-574069.643721941,-1129306.21902212,20,KOV021
-574080.363441341,-1129322.8442281,21,KOV022
-573957.031214101,-1129378.70866922,22,KOV023
-574277.185991778,-1129482.2937916,23,KOV024
-574322.741995921,-1129514.7764478,24,KOV025
-574333.156502412,-1129508.57273159,25,KOV026
-574317.305376378,-1129455.1308674,26,KOV027
-574336.090538355,-1129542.05189545,27,KOV028
-574313.777266901,-1129472.94406923,28,KOV029
-574277.963373165,-1129516.87614018,29,KOV030
-574291.267899559,-1129479.62708137,30,KOV031
-574238.754657744,-1129538.41528538,31,KOV032
-574309.447785752,-1129523.87524697,32,KOV033
-574264.574880395,-1129506.72092094,33,KOV034
-574236.513591843,-1129540.94200568,34,KOV035
-574287.155398169,-1129482.14609057,35,KOV036
-574250.241299243,-1129532.55461995,36,KOV037
-574287.529626989,-1129488.41933009,37,KOV038
-574326.496291153,-1129532.29620124,38,KOV039
-574319.0446039,-1129545.48835358,39,KOV040
